image_path,label,class_name,width,height,file_size,is_valid,is_small,is_exact_duplicate,is_phash_duplicate,blur_score,brightness_mean,contrast_std,is_blurry,is_too_dark,is_too_bright,is_low_contrast,is_low_quality,error,file_hash,phash
data/dataset/brown_blight/20211205_155720.jpg,1,brown_blight,256,256,3656,True,False,False,False,65.69645655504428,151.23468017578125,33.61287305889946,True,False,False,False,True,,029382f09c6780fdf8a8c4280105c3378a098a2b5c8e770034ac14a84d661861,f1c89e61699e9661
data/dataset/brown_blight/20211205_160054.jpg,1,brown_blight,256,256,4117,True,False,False,False,61.57839864399284,164.5258026123047,44.26436133969557,True,False,False,False,True,,3099f8acc88591ab5871d5bcceb7e4b1857603b5b66fef9f1d00128b6aeaaeb9,fd96c3693c92410f
data/dataset/brown_blight/20211228_153754 - Copy (2).jpg,1,brown_blight,256,256,4359,True,False,False,False,77.92397950589657,176.60206604003906,77.92303927628059,True,False,False,False,True,,84d366a51e0c5c7fcd899fae332c70bcc55ccd6ca2c19f3f84c06bdd2ce105d7,bfd0d02e2af0b5c2
data/dataset/brown_blight/20211228_153754 - Copy.jpg,1,brown_blight,256,256,4359,True,False,True,True,77.92397950589657,176.60206604003906,77.92303927628059,True,False,False,False,True,,84d366a51e0c5c7fcd899fae332c70bcc55ccd6ca2c19f3f84c06bdd2ce105d7,bfd0d02e2af0b5c2
data/dataset/brown_blight/20211228_153754.jpg,1,brown_blight,256,256,4359,True,False,True,True,77.92397950589657,176.60206604003906,77.92303927628059,True,False,False,False,True,,84d366a51e0c5c7fcd899fae332c70bcc55ccd6ca2c19f3f84c06bdd2ce105d7,bfd0d02e2af0b5c2
data/dataset/brown_blight/image_0_688 - Copy (2).jpg,1,brown_blight,256,256,4917,True,False,False,False,72.58559456071816,150.85755920410156,93.05357698785105,True,False,False,False,True,,da2038241a627d417444a3ff414c8ac03a64ab81e7da2c9e522d7cd42107ffac,aa97d5682aa4749e
data/dataset/brown_blight/image_0_688 - Copy.jpg,1,brown_blight,256,256,4917,True,False,True,True,72.58559456071816,150.85755920410156,93.05357698785105,True,False,False,False,True,,da2038241a627d417444a3ff414c8ac03a64ab81e7da2c9e522d7cd42107ffac,aa97d5682aa4749e
data/dataset/brown_blight/image_0_688.jpg,1,brown_blight,256,256,4917,True,False,True,True,72.58559456071816,150.85755920410156,93.05357698785105,True,False,False,False,True,,da2038241a627d417444a3ff414c8ac03a64ab81e7da2c9e522d7cd42107ffac,aa97d5682aa4749e
data/dataset/brown_blight/image_0_9287.jpg,1,brown_blight,256,256,4295,True,False,False,False,77.55892907083035,198.9478759765625,47.405503561817184,True,False,False,False,True,,90a0aec5a04235a57d73973648273cd6a82c765a8eaa10d1589933e657463129,b49acf653898e5c2
data/dataset/brown_blight/image_0_9706.jpg,1,brown_blight,256,256,4680,True,False,False,False,75.79689652635716,162.6197967529297,89.16230046672887,True,False,False,False,True,,e12d2b31fa1618b11409f13c4644b81a329ae12dbbd96564b7d1649ea93382da,bbc1d42e6af1b182
data/dataset/healthy/20220101_090215.jpg,3,healthy,256,256,4590,True,False,False,False,70.35700956895016,170.84120178222656,52.41404741807482,True,False,False,False,True,,b1a80bd3084cd94781d62ba4a3ce9eac1db7391ae1bd6424fbcef2c5b97a759f,fa80853f4af00fda
data/dataset/healthy/20220101_090302.jpg,3,healthy,256,256,4707,True,False,False,False,79.0234527529683,165.2316436767578,53.66189556761079,True,False,False,False,True,,06569ce77b95873036a70678c184cc6430c1a41f1e491ee3c090a039e0b5023f,f09bcf659c26b822
data/dataset/healthy/20220101_091405.jpg,3,healthy,256,256,4325,True,False,False,False,66.23223839700222,174.95272827148438,49.207263595227154,True,False,False,False,True,,37b0c59e1b97e8ba9080d98ebab797d80619670fc99df3459cdf098763e6aa06,f4c19a3e65c31ec8
data/dataset/healthy/20220101_103501.jpg,3,healthy,256,256,4280,True,False,False,False,54.43794145970605,177.6453399658203,49.140004535286,True,False,False,False,True,,92073fc8709bd62f01be322910f5fe4cbf76ef13577f32a4b7d1148dc0b0b5c0,bde8c2922d69f096
data/dataset/healthy/image_0_1014.jpg,3,healthy,256,256,4795,True,False,False,False,70.33612023293972,166.42623901367188,53.55998239224796,True,False,False,False,True,,2698f8b6aa07b68b895e56dd212239fb5bbce463c134f8d49684e24610fc6680,a5cdda326533268d
data/dataset/healthy/image_0_1057.jpg,3,healthy,256,256,4364,True,False,False,False,79.28254634304903,175.88360595703125,53.418661893674816,True,False,False,False,True,,5b02373e652fdf24c8a273922722f417a848bf6ea7acbdda8c898b0d5e101edc,ede9c29634e1234e
data/dataset/healthy/image_0_1181.jpg,3,healthy,256,256,4224,True,False,False,False,64.97669968358241,225.31285095214844,53.36716442860632,True,False,True,False,True,,0fb0164c548e1e1774681e08552ee750c551765cddcd33ac42d4f8fb3ebb9d2e,e1d09e6b3194c74b
data/dataset/healthy/image_0_1818.jpg,3,healthy,256,256,4675,True,False,False,False,64.51254227384925,190.0375518798828,55.70723936538915,True,False,False,False,True,,c58abd9214342eae379b3251194e58783f0b50b04a34fba54f8516fc923842e7,e8b09e4f25b472b1
data/dataset/healthy/image_0_2213.jpg,3,healthy,256,256,4785,True,False,False,False,72.61462368723005,182.68350219726562,54.81885970347881,True,False,False,False,True,,b429da9be546c3194c4f2ff04560ee0aaf44f7859ef342e6e5c29612ea077e79,e99e96693897c318
data/dataset/healthy/image_0_2330.jpg,3,healthy,256,256,4850,True,False,False,False,73.87239031656645,186.77633666992188,58.073998639464264,True,False,False,False,True,,4ff42a1083e9dd12a842864e9a5a6b8d7a253832daf1e3a9406ec4d4421a0953,e84b97b4694366ac
data/dataset/healthy/image_0_2382.jpg,3,healthy,256,256,4306,True,False,False,False,76.73881511180662,179.05308532714844,53.01283861755391,True,False,False,False,True,,5e5e56a3264fd2834e9f742617d14733155f94c0db560edf1c023e1379deed24,ede9c29634e14b0e
data/dataset/healthy/image_0_2396.jpg,3,healthy,256,256,4262,True,False,False,False,63.99725341703743,226.74887084960938,55.594490090627986,True,False,True,False,True,,6af30bd1aad0c7bfd9f6c21c481ca0926eb1ab7732d85fb82089bdb49c099e65,b4c1ca3e6dc1168f
data/dataset/healthy/image_0_2487.jpg,3,healthy,256,256,4665,True,False,False,False,69.85330199822783,179.4736785888672,53.87136957393237,True,False,False,False,True,,76cec4c146b2fee756b4eab03045d0b3fbc45b712f54e648aab71cfd26205a68,a0cf9a3065cb9e99
data/dataset/healthy/image_0_510.jpg,3,healthy,256,256,4861,True,False,False,False,64.9025115778204,169.49183654785156,63.10913655685521,True,False,False,False,True,,b30f33896db8607167e85431feac3a198fa67307dd4c2c86c2d56e5c01692e62,abeac09735e16127
data/dataset/healthy/image_0_54.jpg,3,healthy,256,256,4938,True,False,False,False,73.6163022518158,180.3909149169922,58.42164465599931,True,False,False,False,True,,a4b075ea4aba700946efc159a0c69e66dea91ef0925521d369eaee6505d64ecb,f5c19a3ce1276698
data/dataset/healthy/image_0_607.jpg,3,healthy,256,256,4839,True,False,False,False,79.5441253921017,178.60231018066406,57.47712584388173,True,False,False,False,True,,8f1797dd4387284eea391a07bbc5da9f96fd1470c7bc99dedd0e097db901c4e9,bd92c02d96c9ed86
data/dataset/helopeltis/20211205_155223.jpg,4,helopeltis,256,256,4149,True,False,False,False,74.39178371429443,154.2623748779297,30.458583405998862,True,False,False,False,True,,059cfab8c14e565bab3c15be23c8eaa7c8fc347197adce33cd5c212eef4957f9,e5d89a64319ace6c
data/dataset/helopeltis/20211205_155948.jpg,4,helopeltis,256,256,3830,True,False,False,False,59.09123226045631,155.4131317138672,32.68050820814543,True,False,False,False,True,,c504c5bd5f8395506a954d813ae81dda379e7dc3a18a4732444de351a1ee4433,f4cacb7134cec930
data/dataset/helopeltis/20211205_160126.jpg,4,helopeltis,256,256,4412,True,False,False,False,57.71130359824747,155.60479736328125,36.21462912928467,True,False,False,False,True,,fb8b0aabb2b4a3e9c7492ec7b9a9644c9d9cac5cb935bbc86cb14798355d85cf,e1dc9663789c86c3
data/dataset/helopeltis/20211205_160149.jpg,4,helopeltis,256,256,4336,True,False,False,False,65.47663166350685,155.8621063232422,37.601294031569694,True,False,False,False,True,,078c09f37bc9d348c5d919dc2855f26f482d21bc4ccf3f13861ce0af01e21f73,e5989e65699c8669
data/dataset/helopeltis/20211205_160923.jpg,4,helopeltis,256,256,4998,True,False,False,False,76.90627818927169,182.6803741455078,45.02901486289814,True,False,False,False,True,,021a505bf60b9d53a9e4f9bd0388c1763b166f36b626f4d95f332302695ef218,fda1c20e3fe0a01f
data/dataset/helopeltis/20211205_161247.jpg,4,helopeltis,256,256,4403,True,False,False,False,68.6253051161766,160.4281463623047,39.68806548740912,True,False,False,False,True,,d45619b0ee7e5438291972ed7a7c3aa0762498c9fcffba8c8f1eab4e1e116051,e1869e7968968769
data/dataset/helopeltis/20220101_091256.jpg,4,helopeltis,256,256,4504,True,False,False,False,70.74166868627071,176.588623046875,53.544896658891986,True,False,False,False,True,,49792a9ee913ea1c4cfe207a9f726d5e3db23ea4f5130eb4cd2fc5f6a2d9f6b2,fdc2c23d60d20fc9
data/dataset/helopeltis/20220101_091304.jpg,4,helopeltis,256,256,4854,True,False,False,False,70.2921749567613,173.59349060058594,45.12679909508483,True,False,False,False,True,,35888f9d5a02c83e029ef7392d1e62f88aeec43850e5e82d368ed7aef78dea4e,fd80c32d70d00f6f
data/dataset/helopeltis/20220101_091850.jpg,4,helopeltis,256,256,3910,True,False,False,False,58.03428637585603,169.29074096679688,34.761491639298995,True,False,False,False,True,,94e1410d7596923f8d53ffdf8fbe16fc941701062f580eb929e4ab47650f2f09,f48fcb3034c9933c
data/dataset/helopeltis/20220101_092257.jpg,4,helopeltis,256,256,4168,True,False,False,False,75.53251644014381,171.10731506347656,37.53576262103357,True,False,False,False,True,,d28aebf5de7e8fb4c30a01c5878098b1661ab6756623e48086b6880f1adb9977,e78c983364cc93b6
data/dataset/helopeltis/20220101_092426.jpg,4,helopeltis,256,256,4133,True,False,False,False,63.66322275227867,171.7872314453125,36.98501513494851,True,False,False,False,True,,a4c794e34db347c27ecc13616d23d0ee2e767f4df64d08f61b3d7e61dec3a27f,f38ccc3332ce338c
data/dataset/helopeltis/20220101_092551.jpg,4,helopeltis,256,256,4298,True,False,False,False,67.03601074125618,167.21849060058594,42.09646218140502,True,False,False,False,True,,4042ff90bc1e1769b11373c5fbfbc3aa7750ff3c1479600b8bff20e2eec10323,ec169369b66c6c91
data/dataset/helopeltis/20220101_094229.jpg,4,helopeltis,256,256,5288,True,False,False,False,51.51399038149975,170.9901580810547,55.8102393503615,True,False,False,False,True,,dae3e3634b41a10eea3109d505b78e6d1230a03d8300f121e20f52798f7262f9,e9b4c2c935b63239
data/dataset/helopeltis/20220101_095615.jpg,4,helopeltis,256,256,4277,True,False,False,False,43.08064244664274,154.25912475585938,37.49241979527384,True,False,False,False,True,,76c44001a96cf0113f42cab7a2f94e033c291c7528e046ace484be823c7ba05c,f0cf8f3064cb929c
data/dataset/helopeltis/20220101_095636.jpg,4,helopeltis,256,256,3868,True,False,False,False,53.01037597283721,169.67515563964844,35.48047012370559,True,False,False,False,True,,131a271d9c73d73ca86703cc1b6cd91599868f3c75a0dc6b2b58e5043964f28f,a5cd9a3265cd9a32
data/dataset/helopeltis/20220101_095652.jpg,4,helopeltis,256,256,3786,True,False,False,False,59.57600400946103,170.74444580078125,34.95145820735943,True,False,False,False,True,,004f8b1040145094f2ee4eba26b40c9b8a241e806eb0da7c6b67fcc38d739965,f2cc993366cc1993
data/dataset/helopeltis/20220101_095708.jpg,4,helopeltis,256,256,3784,True,False,False,False,44.635039910674095,175.18333435058594,36.18663142193899,True,False,False,False,True,,3b8133dc773ef7526e81b55250fe22681a4cf26d1df9d33a17dc6449580b9fba,b2cf893066cc99e3
data/dataset/helopeltis/20220101_095720.jpg,4,helopeltis,256,256,4714,True,False,False,False,45.992340087890625,174.86251831054688,47.455077970656426,True,False,False,False,True,,f55f94bf31441f04be708a470d4ef025eba40af09c48f6cf973cba4456d412eb,eac2953d6ac2a59c
data/dataset/helopeltis/20220101_095742.jpg,4,helopeltis,256,256,3980,True,False,False,False,78.79037469625473,175.86819458007812,38.49434817848911,True,False,False,False,True,,26f3705effcfe88cb1973ec5b51dafec1b13e4071e6ae37055bdaf7942f95db5,e5cc9a636c98324f
data/dataset/helopeltis/20220101_095837.jpg,4,helopeltis,256,256,4170,True,False,False,False,51.44798266491853,172.5986328125,41.91163612019248,True,False,False,False,True,,9a7e5a4b26e417884d6561e1be17c1d026e3d25354a8c44ca684b10216fc21b5,e5cf9a30659a38c3
data/dataset/helopeltis/20220101_100050.jpg,4,helopeltis,256,256,4241,True,False,False,False,68.69467159733176,172.24012756347656,44.76972877959365,True,False,False,False,True,,68e1266a5ef6563c9f97fafe946490edd9677e72b534dbee4f61282899e05c01,e5cd9a3265cf18b0
data/dataset/helopeltis/20220101_100107.jpg,4,helopeltis,256,256,3707,True,False,False,False,39.81802233681083,168.25155639648438,30.402187118469275,True,False,False,False,True,,db7b5fccfb2e93ebf1455de88c379ce9bb3f3463d224e44c2093b794c4845b48,e78c9a33658d9a32
data/dataset/helopeltis/20220101_100125.jpg,4,helopeltis,256,256,3926,True,False,False,False,42.04096937715076,176.1793975830078,48.32504742341165,True,False,False,False,True,,c2ed0c1c4fedcd0bd26e0993677a15d2843a3973c83d88635b2bdfc2c14c743d,e39c91674893b5cc
data/dataset/helopeltis/20220101_101848.jpg,4,helopeltis,256,256,4264,True,False,False,False,69.0605611500796,180.83058166503906,47.31210233424613,True,False,False,False,True,,794676fdde27694e28b3920ad14c4c557e2d3433b6dcd7e9a8b5d15db58435f8,b0c78f3864c53e8e
data/dataset/helopeltis/20220101_102559.jpg,4,helopeltis,256,256,4505,True,False,False,False,47.340574755333364,175.27020263671875,48.549001145889974,True,False,False,False,True,,84cdd689ef81ea5f9a24f6b514dcf3593c3021d5f789311acb5e8cc20be02cd3,bd9ac26d3d92e049
data/dataset/helopeltis/20220101_102913.jpg,4,helopeltis,256,256,4722,True,False,False,False,66.777891500853,168.28195190429688,54.16277703561368,True,False,False,False,True,,057885002f5dde1422ae9654f2a914e36cbd1e108db97a1da4e0675ecf2d0671,a8df86786b93b00e
data/dataset/helopeltis/20220101_103356.jpg,4,helopeltis,256,256,4157,True,False,False,False,77.36495971586555,179.26512145996094,46.50265503793615,True,False,False,False,True,,925017f725350cb8d68694874d8801fca950a146c93922a1b4cd53ea5c2d98b3,e5ca9a7165c63869
data/dataset/helopeltis/20220101_103423.jpg,4,helopeltis,256,256,4172,True,False,False,False,63.33208835031837,179.0008087158203,44.63308376870656,True,False,False,False,True,,74cacf3af73dec2f1c5ff7fba09b836236b7d34d052035ce51621553e9d71f54,e0cb9f3869c3961c
data/dataset/helopeltis/20220101_103625.jpg,4,helopeltis,256,256,4955,True,False,False,False,75.05311519070528,162.9894561767578,53.57327325459571,True,False,False,False,True,,9dafcd15dadd038e86a8fd377a1c8adc8a475fb796d7667f964492732020c69c,eac895327ac5659a
data/dataset/helopeltis/20220101_103638.jpg,4,helopeltis,256,256,4986,True,False,False,False,60.554915625369176,159.99717712402344,54.731577170009665,True,False,False,False,True,,a774c2383e0aaf866991b7e19c2489eb19edc3e75e2dae5340b688db394cc35d,fbc0943fc8950f52
data/dataset/helopeltis/20220101_103734.jpg,4,helopeltis,256,256,4486,True,False,False,False,59.71868400182575,164.81788635253906,53.84557209332895,True,False,False,False,True,,0d24c733a398641e126621de3751057531d0d978034d3e7bb6af5b4157c45c19,e48f93346bc39c91
data/dataset/helopeltis/20220101_103754.jpg,4,helopeltis,256,256,4140,True,False,False,False,46.6876365726348,156.41575622558594,40.12760044883564,True,False,False,False,True,,eab41525f51bcd809252b71301df42c5b73c346093e9e0741115c20626b6617c,f4c5cb3a66cc18b1
data/dataset/helopeltis/20220101_104004.jpg,4,helopeltis,256,256,3990,True,False,False,False,52.26696743723005,176.69891357421875,40.193930476622,True,False,False,False,True,,1b2a5c0345e98000da3c2b98315a9bc7e9b2ff0522a26d5b65c188127af804a7,e59a9b65309ac761
data/dataset/helopeltis/20220101_104224.jpg,4,helopeltis,256,256,4077,True,False,False,False,63.910169226815924,175.0280303955078,42.00337995973711,True,False,False,False,True,,ef663245b90ae6c565c3662e10e741930d1885c1856352711d000067ed6366a5,ec99926dc964d992
data/dataset/helopeltis/20220101_104239.jpg,4,helopeltis,256,256,4905,True,False,False,False,78.0300426275935,180.60440063476562,56.366422174461704,True,False,False,False,True,,8619953451a10e02527b83641ab041775f0d16671ff22dc15419f9fb6dab8956,ed96c369341e6391
data/dataset/helopeltis/20220101_104552.jpg,4,helopeltis,256,256,5375,True,False,False,False,73.35189309343696,169.95355224609375,61.69032259348453,True,False,False,False,True,,3bd36df11e5566e19f74aa64c22347b810350b079bf9e27183f8de6bd874575d,af93d06a3bb56092
data/dataset/helopeltis/20220101_104616.jpg,4,helopeltis,256,256,4447,True,False,False,False,59.35482747014612,175.6725616455078,42.39476331011977,True,False,False,False,True,,bf6adef06af9b6fd5292701207b262beb5d9b9ed12b49602ef4a6b23d2f1eb3a,e7339c4c63b38c4a
data/dataset/helopeltis/20220101_104745.jpg,4,helopeltis,256,256,4521,True,False,False,False,61.44659416284412,176.94573974609375,45.1440864501714,True,False,False,False,True,,0603e4446d87fbe3909c32611e42945a5bf5efc48ea0d11d698ff93d3a12cbd3,ed1396686897867a
data/dataset/helopeltis/20220101_104810.jpg,4,helopeltis,256,256,4519,True,False,False,False,73.03999328403734,170.15655517578125,42.34562520061822,True,False,False,False,True,,7902c57e2ee44c7df5780dfb9e398c0ff70cf0c02b76314b99be222f3e6a63c7,eb889c67629c8573
data/dataset/helopeltis/20220101_104824.jpg,4,helopeltis,256,256,4587,True,False,False,False,68.52587874885648,181.44215393066406,50.760235541521084,True,False,False,False,True,,c0ae89434d27ebb182d3b42f7ee452305249896bd56094a0fce2dafce86af162,e3959c683197ce38
data/dataset/helopeltis/20220101_104931.jpg,4,helopeltis,256,256,4397,True,False,False,False,70.21241636178456,178.00167846679688,47.20845616374666,True,False,False,False,True,,bc23c807947ebf95be3459bb2b5d1c5e02e53ebdd896c5df0c5a226f0409bbfd,f82e9763681c8733
data/dataset/helopeltis/20220101_105007.jpg,4,helopeltis,256,256,4509,True,False,False,False,73.22985833883286,177.46688842773438,44.40928956665698,True,False,False,False,True,,597839b31c122c4ceccbd2fd5144b01dedeeebe36dc06b3a11aa2bd58924645d,e5989a67cc19339a
data/dataset/helopeltis/20220101_105224.jpg,4,helopeltis,256,256,4794,True,False,False,False,54.088973484700546,165.23072814941406,53.88594700307798,True,False,False,False,True,,6a6ceb6607d18604b8ea2a6d613d66f50d565980a8a3c211561f9b8aabd52035,e792986db164926d
data/dataset/helopeltis/20220101_105251.jpg,4,helopeltis,256,256,4524,True,False,False,False,68.31395626068115,159.65380859375,44.22722450977863,True,False,False,False,True,,a529a09f66b3e090855eacdb31d374795809c84a7f294ba947a44d1edf9bcd08,ed0e92606f86d47a
data/dataset/helopeltis/20220101_105334.jpg,4,helopeltis,256,256,4010,True,False,False,False,58.215467259055,172.320556640625,37.09851357211585,True,False,False,False,True,,34e583799dbb2fddb20dc61fa3c2455ac1dd7e314d80622bf17f9b85cf62e36f,e1279e9861678e9a
data/dataset/helopeltis/20220101_105351.jpg,4,helopeltis,256,256,4375,True,False,False,False,79.00749141140841,179.20179748535156,44.38338805588022,True,False,False,False,True,,1a2cbec4c57ca1d4f777709180721f121ed2552874974fcdd3fc35389183e1dd,e5329a4d24b2cfcc
data/dataset/helopeltis/20220101_105416.jpg,4,helopeltis,256,256,4995,True,False,False,False,61.63574877358042,154.6985626220703,49.738435423555124,True,False,False,False,True,,a2075038949a20c4507f378a4f21c9838e67aedc3f272c5dd289075529c9f618,e3359c4a65b15aa6
data/dataset/helopeltis/20220101_105424.jpg,4,helopeltis,256,256,4104,True,False,False,False,43.160337469540536,153.21890258789062,40.584427911853155,True,False,False,False,True,,f020133340795b495c8651bfa095efc6b58711eb28a84dbbf1c459826415e0c5,e13a9c65319ace65
data/dataset/helopeltis/20220101_105446.jpg,4,helopeltis,256,256,4397,True,False,False,False,51.767859725048766,174.71969604492188,42.17674899475997,True,False,False,False,True,,7b20558b6f1ee9a395648a3a3765bbe2a90a3135c9d403f0545b665a7d51aa77,e5309acd65309acf
data/dataset/helopeltis/20220101_105457.jpg,4,helopeltis,256,256,4087,True,False,False,False,68.28857179637998,173.88609313964844,38.16133975967736,True,False,False,False,True,,5c24d2974759e743fb7c0fdf3b322cd1769bda87bace645732c6e7d5a4189f5a,e73698986d269399
data/dataset/helopeltis/20220101_105504.jpg,4,helopeltis,256,256,4388,True,False,False,False,69.47841910924762,173.68270874023438,46.4072986001755,True,False,False,False,True,,f5fd5493e106a943d5910864ff98513c9c19a0fa8e166a285f65ed516bf01b9a,e613996c33996693
data/dataset/helopeltis/20220101_105511.jpg,4,helopeltis,256,256,5564,True,False,False,False,76.03311015572399,174.0476837158203,58.465566297178455,True,False,False,False,True,,a6b496022c142c61cc78648b9fd0ccde86c49a8848d9c3c0a45862c825b0257f,eb14956878c76798
data/dataset/helopeltis/20220101_105517.jpg,4,helopeltis,256,256,4799,True,False,False,False,65.37746297940612,173.37820434570312,44.9842389504742,True,False,False,False,True,,3991c4cad3f19dcb55be389d9f267ec27f68ce3835ccacd6978f39733bce233b,ea35954a6ca5993c
data/dataset/helopeltis/20220101_105717.jpg,4,helopeltis,256,256,4625,True,False,False,False,73.37904652114958,163.29257202148438,46.45436600681002,True,False,False,False,True,,8b19d1a87f835c99944381f5a2fcf6c14fd81a3f884903568c9c903cff3e6719,ed6696596936c5c0
data/dataset/helopeltis/20220101_105727.jpg,4,helopeltis,256,256,4701,True,False,False,False,71.56293631880544,163.09689331054688,39.41410638769663,True,False,False,False,True,,b2edcc25bae91fa9a8d794f58069a30281f8af43267295e80964eef558a3e8e8,f659c9663318cec1
data/dataset/helopeltis/20220101_105737.jpg,4,helopeltis,256,256,4458,True,False,False,False,41.95436672028154,181.90390014648438,52.169563950234505,True,False,False,False,True,,5441e883a5e9e3aa2a45cc5bfe5e35e5876c31a8478cd4218996ccf8d1ec84dd,e6669816999967c9
data/dataset/helopeltis/20220101_105753.jpg,4,helopeltis,256,256,4451,True,False,False,False,41.58606651215814,162.4554443359375,43.669067842448236,True,False,False,False,True,,9d00c18acb14688d12b268f189ff2639968cd3557ead165e656f00973ac66b93,e3159c6a3198cea7
data/dataset/helopeltis/20220101_105814.jpg,4,helopeltis,256,256,4845,True,False,False,False,50.06162920384668,177.50567626953125,61.75258737784263,True,False,False,False,True,,29a487f7de1d3de19f3c9681718d05f4eff2d30a1842e6a5e7e83e706ba97e1c,fb15d06a2f95c24a
data/dataset/helopeltis/20220101_113856.jpg,4,helopeltis,256,256,4228,True,False,False,False,58.41593904583715,170.27908325195312,36.19932298550336,True,False,False,False,True,,df737b0c42ffb48ef8a1d410b85991642d4a1532f36eb06ccdbf93493809db6e,e7b6984967b2984c
data/dataset/helopeltis/20220101_121243.jpg,4,helopeltis,256,256,4530,True,False,False,False,61.94018543418497,168.97463989257812,48.792526375033205,True,False,False,False,True,,935901e135c753188578232c11e8b948e06d5d2558964add9ef323dadf1188c6,fd81d23664c91bb2
data/dataset/helopeltis/20220101_121247.jpg,4,helopeltis,256,256,4875,True,False,False,False,56.840896321227774,175.5917205810547,54.44820422916006,True,False,False,False,True,,6cdd55517b6fc01275bbb161dd89141ce0e55233b65a64ac7c166c3f0d2f950b,bf29c0942d69f8b2
data/dataset/helopeltis/20220101_122313.jpg,4,helopeltis,256,256,4536,True,False,False,False,70.23854009038769,178.50123596191406,43.33144263224499,True,False,False,False,True,,7443ac553c2e256d4bb1e9c839fdfda039cb174fcf48fa3bfc3a6a1daefd71d6,f283cd3c32c19b8e
data/dataset/helopeltis/image_0_1060.jpg,4,helopeltis,256,256,4208,True,False,False,False,53.33494407474063,206.5279998779297,43.559820784282266,True,False,False,False,True,,afae1e81b21aba51960f41665c27ace05d2a1d12b39a8921256da0f35804afab,e2998c663199ce67
data/dataset/helopeltis/image_0_1079.jpg,4,helopeltis,256,256,4848,True,False,False,False,76.58247371553443,188.68020629882812,51.26386259787234,True,False,False,False,True,,7319dbebe1177ff95006d09cee3de97d5f62a3f12478377dda94c3b2d744bb60,ec11936e966c9999
data/dataset/helopeltis/image_0_1154.jpg,4,helopeltis,256,256,4645,True,False,False,False,75.80480861663818,186.55892944335938,47.757977429745495,True,False,False,False,True,,6b0c4d96106b91a5b77206c4535f148c657ffe30c987a857e4c88eb149bd7e09,e837974864b7ca4c
data/dataset/helopeltis/image_0_1264.jpg,4,helopeltis,256,256,5152,True,False,False,False,51.09246169030666,179.16757202148438,63.43620059620894,True,False,False,False,True,,b1b5c4ec2c82eb0459d2e60650de2d015543105a7e567e3d5919f4abb3eaa7eb,e78c9a719366cc34
data/dataset/helopeltis/image_0_1300.jpg,4,helopeltis,256,256,5150,True,False,False,False,78.46220375574194,175.62303161621094,59.43016891063665,True,False,False,False,True,,d3e39f35bf24494a47e4c7797a68f559c53e2dcadf1088aba1044b3a898d48ec,bfc0c0376f90b4c3
data/dataset/helopeltis/image_0_1308.jpg,4,helopeltis,256,256,4429,True,False,False,False,57.8119048231747,204.1866455078125,46.72970988582111,True,False,False,False,True,,d4e53b2c832cb27143c12415870ef17afb635145c58895a609a9db2df5c2bde0,e19ace6530ce6d34
data/dataset/helopeltis/image_0_1369.jpg,4,helopeltis,256,256,4497,True,False,False,False,55.975524007342756,192.42617797851562,47.07044198132153,True,False,False,False,True,,80a6a7f11881a284560bb316e066c185344d9a36071424c077f3c793702feef2,b4c5cb3a34c5993a
data/dataset/helopeltis/image_0_1394.jpg,4,helopeltis,256,256,4598,True,False,False,False,79.10179129778408,203.87611389160156,49.804941661221264,True,False,False,False,True,,703f3144b486a9185ef7c5b7d4c5d622773b78fda2edaa3688a767dd731cab88,b067cf3861e69899
data/dataset/helopeltis/image_0_1397.jpg,4,helopeltis,256,256,4833,True,False,False,False,69.15794365829788,184.19740295410156,59.539107246559105,True,False,False,False,True,,6f5fbf88f8ec967bde18fabb5211ac1969858b1f08d7b1172b6dfe3f5a56ee0b,f9c7963843368d1a
data/dataset/helopeltis/image_0_146.jpg,4,helopeltis,256,256,4373,True,False,False,False,44.402084247907624,182.4975128173828,42.28544287478443,True,False,False,False,True,,5909b1da8f49c100a06625940bc361d441dcbe32717eb4b57734ac4189a6df62,f5309acd64309acf
data/dataset/helopeltis/image_0_1474.jpg,4,helopeltis,256,256,3370,True,False,False,False,76.20718383789062,243.38314819335938,39.86574858944318,True,False,True,False,True,,9f010fcb745702408c44e2a36694058dadc9591244fcb369920a768a6a900322,b399cc6633996c26
data/dataset/helopeltis/image_0_1515.jpg,4,helopeltis,256,256,4589,True,False,False,False,58.44824218377471,187.48731994628906,48.21832333948699,True,False,False,False,True,,f75cde15e3b24250aa80a0a1a1be0bc9fa758d5f9483779976afe6bb853e45c2,f4c5cb3a64c59d30
data/dataset/helopeltis/image_0_1527.jpg,4,helopeltis,256,256,4646,True,False,False,False,74.68849142990075,185.3946990966797,39.772129126130764,True,False,False,False,True,,f3ee143ddc59efd4c19a01ff097ad0c4dbc3799bfdf7ee73cce66db9ab695ce8,a6cc9933649c33cb
data/dataset/helopeltis/image_0_1555.jpg,4,helopeltis,256,256,4655,True,False,False,False,60.15775901614688,180.1942138671875,56.230264013539774,True,False,False,False,True,,373ad53d5468f63febc0b9d5797a1989804ec97795cccd3de4a5163bfa8bd0c0,e58d9a30cd669c93
data/dataset/helopeltis/image_0_1557.jpg,4,helopeltis,256,256,4111,True,False,False,False,63.65052794269286,221.92745971679688,65.62381685404507,True,False,True,False,True,,74550006e3aa9530868737d0a393aa123631b59032b9b708c2df8fd4c2a548f9,e39c95674ab185b2
data/dataset/helopeltis/image_0_1565.jpg,4,helopeltis,256,256,4618,True,False,False,False,65.41636632359587,187.2473907470703,53.4580820956807,True,False,False,False,True,,05d2ad941f92c99ebe24c44c116307d4520733965b0e36f23d50bea4da30fee2,e5b29a6d30346b93
data/dataset/helopeltis/image_0_1578.jpg,4,helopeltis,256,256,4869,True,False,False,True,59.184402459999546,213.8875274658203,54.45068647653553,True,False,False,False,True,,10fba08a45efd5fe088e1a13b1e9bd26e79ea664b453d86e73e15ec94a23b235,eac2953d6ac2a59c
data/dataset/helopeltis/image_0_1622.jpg,4,helopeltis,256,256,4629,True,False,False,False,79.6661224362906,199.90199279785156,50.62602319503658,True,False,False,False,True,,ead3aa5b21f14bcc3a904153466329b3bccf017293443121b6bb4080c140374a,edb69249d8656626
data/dataset/helopeltis/image_0_1628.jpg,4,helopeltis,256,256,6191,True,False,False,False,69.16815158631653,167.50274658203125,64.47154323789542,True,False,False,False,True,,762219be5bcba721d09b9e5573410c501e83ff29af0950d4119cab99d2ff0a98,bdc1d03e6d31c598
data/dataset/helopeltis/image_0_1669.jpg,4,helopeltis,256,256,4491,True,False,False,True,76.8326381361112,202.0714569091797,44.75567733592941,True,False,False,False,True,,9c1e3671f49d2276a7021bc278b138ccc273d9c9713363ed2c447c681cfcca3d,f2cc993366cc1993
data/dataset/helopeltis/image_0_179.jpg,4,helopeltis,256,256,5195,True,False,False,False,70.92233258113265,184.15756225585938,61.04337969753352,True,False,False,False,True,,455e6f1b92b6a6150723c056d776f17f3a5a7fbe60ca01c9b632214ab5691db5,bc96c2693e97e0c8
data/dataset/helopeltis/image_0_1848 - Copy.jpg,4,helopeltis,256,256,3750,True,False,False,False,71.9535519098863,237.33248901367188,40.29701038268658,True,False,True,False,True,,d4c089449513879dd04af5db64caeef7922e04522cfd3cb1a3fa58ce45663249,b3d98c663399cc26
data/dataset/helopeltis/image_0_1848.jpg,4,helopeltis,256,256,3750,True,False,True,True,71.9535519098863,237.33248901367188,40.29701038268658,True,False,True,False,True,,d4c089449513879dd04af5db64caeef7922e04522cfd3cb1a3fa58ce45663249,b3d98c663399cc26
data/dataset/helopeltis/image_0_1872 - Copy.jpg,4,helopeltis,256,256,5030,True,False,False,False,76.95553561951965,191.61456298828125,50.681446977217696,True,False,False,False,True,,fe36129ece080f187005d1cfbdd79ad7cea273979bd4eec313e204991721a04f,f018cf65309acfe1
data/dataset/helopeltis/image_0_1872.jpg,4,helopeltis,256,256,5030,True,False,True,True,76.95553561951965,191.61456298828125,50.681446977217696,True,False,False,False,True,,fe36129ece080f187005d1cfbdd79ad7cea273979bd4eec313e204991721a04f,f018cf65309acfe1
data/dataset/helopeltis/image_0_1910 - Copy.jpg,4,helopeltis,256,256,5374,True,False,False,False,55.55180277838372,204.36563110351562,63.385042045478514,True,False,False,False,True,,64e6feef237f85c994eb12f1975de10ebb11e4a68a0413b764186bfcfa21fcc7,aee1901e3ee0e587
data/dataset/helopeltis/image_0_1910.jpg,4,helopeltis,256,256,5374,True,False,True,True,55.55180277838372,204.36563110351562,63.385042045478514,True,False,False,False,True,,64e6feef237f85c994eb12f1975de10ebb11e4a68a0413b764186bfcfa21fcc7,aee1901e3ee0e587
data/dataset/helopeltis/image_0_202.jpg,4,helopeltis,256,256,4091,True,False,False,False,68.90249600168318,227.52195739746094,55.36598788784072,True,False,True,False,True,,75d6e1a850f3c64ff7a8510471a1408d8421ec9e5768a4fd2e979ea5e99aa77f,eac5953e6ac1851e
data/dataset/helopeltis/image_0_2029 - Copy.jpg,4,helopeltis,256,256,5432,True,False,False,False,52.10357582196593,186.94024658203125,58.82648725797781,True,False,False,False,True,,edb60356e7913907503b05565776f331180879e36b100bb224180103b10d4c08,e4928bcd9c66e331
data/dataset/helopeltis/image_0_2029.jpg,4,helopeltis,256,256,5432,True,False,True,True,52.10357582196593,186.94024658203125,58.82648725797781,True,False,False,False,True,,edb60356e7913907503b05565776f331180879e36b100bb224180103b10d4c08,e4928bcd9c66e331
data/dataset/helopeltis/image_0_2036 - Copy.jpg,4,helopeltis,256,256,4874,True,False,False,False,69.85107421502471,195.5153350830078,48.61393782015713,True,False,False,False,True,,f1f98138a1b0ad5e1b9e4ab5a85a274e69732eb2e93dfae196ae8df49ccfdeb8,e3959c6a2590ce9b
data/dataset/helopeltis/image_0_2036.jpg,4,helopeltis,256,256,4874,True,False,True,True,69.85107421502471,195.5153350830078,48.61393782015713,True,False,False,False,True,,f1f98138a1b0ad5e1b9e4ab5a85a274e69732eb2e93dfae196ae8df49ccfdeb8,e3959c6a2590ce9b
data/dataset/helopeltis/image_0_2120 - Copy.jpg,4,helopeltis,256,256,4551,True,False,False,False,69.39358504768461,195.56326293945312,51.01932409538665,True,False,False,False,True,,5679b1df678656231c61d323d90e7d383e85a85e69927815db03ec6da679ff4e,b346cc3966cc33c6
data/dataset/helopeltis/image_0_2120.jpg,4,helopeltis,256,256,4551,True,False,True,True,69.39358504768461,195.56326293945312,51.01932409538665,True,False,False,False,True,,5679b1df678656231c61d323d90e7d383e85a85e69927815db03ec6da679ff4e,b346cc3966cc33c6
data/dataset/helopeltis/image_0_2155 - Copy.jpg,4,helopeltis,256,256,4955,True,False,False,False,78.01924118748866,190.7786407470703,53.80775559994314,True,False,False,False,True,,8f100ad54f441724d23bec304134847b201893325ddf23fcbc420f05c804b205,b098cde633993539
data/dataset/helopeltis/image_0_2155.jpg,4,helopeltis,256,256,4955,True,False,True,True,78.01924118748866,190.7786407470703,53.80775559994314,True,False,False,False,True,,8f100ad54f441724d23bec304134847b201893325ddf23fcbc420f05c804b205,b098cde633993539
data/dataset/helopeltis/image_0_2170 - Copy.jpg,4,helopeltis,256,256,5103,True,False,False,False,66.53671255335212,183.80406188964844,46.860526241798425,True,False,False,False,True,,a080ec4717391248461d24e02e4d267199ec7b3c50a9acaa5a7ecf7936959486,fcb1c34e3ca0e01f
data/dataset/helopeltis/image_0_2170.jpg,4,helopeltis,256,256,5103,True,False,True,True,66.53671255335212,183.80406188964844,46.860526241798425,True,False,False,False,True,,a080ec4717391248461d24e02e4d267199ec7b3c50a9acaa5a7ecf7936959486,fcb1c34e3ca0e01f
data/dataset/helopeltis/image_0_2216 - Copy.jpg,4,helopeltis,256,256,4037,True,False,False,False,45.60734535730444,187.21458435058594,38.73824585863362,True,False,False,False,True,,e2d2b12596360248b4e1e66ddfe8475d94c2c23ef3a2932f44b6c5256c7e339c,e4b29b4d663299c9
data/dataset/helopeltis/image_0_2216.jpg,4,helopeltis,256,256,4037,True,False,True,True,45.60734535730444,187.21458435058594,38.73824585863362,True,False,False,False,True,,e2d2b12596360248b4e1e66ddfe8475d94c2c23ef3a2932f44b6c5256c7e339c,e4b29b4d663299c9
data/dataset/helopeltis/image_0_2241 - Copy.jpg,4,helopeltis,256,256,4029,True,False,False,False,48.677137000253424,182.26548767089844,37.913664423429466,True,False,False,False,True,,dd8dcdd28aa274eb78911d316cea4922814704f15fb3b556bc943ad64c67afb1,e63699c9643693c9
data/dataset/helopeltis/image_0_2241.jpg,4,helopeltis,256,256,4029,True,False,True,True,48.677137000253424,182.26548767089844,37.913664423429466,True,False,False,False,True,,dd8dcdd28aa274eb78911d316cea4922814704f15fb3b556bc943ad64c67afb1,e63699c9643693c9
data/dataset/helopeltis/image_0_2260 - Copy.jpg,4,helopeltis,256,256,4550,True,False,False,False,57.70225195190869,182.03256225585938,55.35349195430611,True,False,False,False,True,,2336eeff25b8231634d4f71e3ee5af537f6a6c79ef3d0fd0601dce45396c2bbc,addac66d3896e148
data/dataset/helopeltis/image_0_2260.jpg,4,helopeltis,256,256,4550,True,False,True,True,57.70225195190869,182.03256225585938,55.35349195430611,True,False,False,False,True,,2336eeff25b8231634d4f71e3ee5af537f6a6c79ef3d0fd0601dce45396c2bbc,addac66d3896e148
data/dataset/helopeltis/image_0_2297 - Copy.jpg,4,helopeltis,256,256,4903,True,False,False,False,63.71870329952799,199.94735717773438,52.083355980469825,True,False,False,False,True,,3bb6a5d09d3143aa8906dde9e02a9c9d83e74cc89157b9a4f1a8c02157a96c36,f465ca9a3061cf9c
data/dataset/helopeltis/image_0_2297.jpg,4,helopeltis,256,256,4903,True,False,True,True,63.71870329952799,199.94735717773438,52.083355980469825,True,False,False,False,True,,3bb6a5d09d3143aa8906dde9e02a9c9d83e74cc89157b9a4f1a8c02157a96c36,f465ca9a3061cf9c
data/dataset/helopeltis/image_0_2339 - Copy.jpg,4,helopeltis,256,256,4900,True,False,False,False,69.30702177598141,188.12306213378906,55.566733234963195,True,False,False,False,True,,7b7342ea034117cc59fa221b6ea36cf63440aba304c477c88247c7ffa3ad8ace,e3969c6863869c5b
data/dataset/helopeltis/image_0_2339.jpg,4,helopeltis,256,256,4900,True,False,True,True,69.30702177598141,188.12306213378906,55.566733234963195,True,False,False,False,True,,7b7342ea034117cc59fa221b6ea36cf63440aba304c477c88247c7ffa3ad8ace,e3969c6863869c5b
data/dataset/helopeltis/image_0_2464 - Copy.jpg,4,helopeltis,256,256,4690,True,False,False,False,57.035705383867025,175.54063415527344,44.15622612004171,True,False,False,False,True,,3f955b46c00ec424c5a8c22d5c5829459c74ef26885bca6758244511dcd002ad,a69b98653386cb99
data/dataset/helopeltis/image_0_2464.jpg,4,helopeltis,256,256,4690,True,False,True,True,57.035705383867025,175.54063415527344,44.15622612004171,True,False,False,False,True,,3f955b46c00ec424c5a8c22d5c5829459c74ef26885bca6758244511dcd002ad,a69b98653386cb99
data/dataset/helopeltis/image_0_2490 - Copy.jpg,4,helopeltis,256,256,4153,True,False,False,False,52.954421773320064,228.83885192871094,52.876447669910355,True,False,True,False,True,,5923ce15ebe51ada1e6aa11faa7d00ccfab0df2a3a9eedfff2aaf162734742cb,e25a9d63629c8d71
data/dataset/helopeltis/image_0_2490.jpg,4,helopeltis,256,256,4153,True,False,True,True,52.954421773320064,228.83885192871094,52.876447669910355,True,False,True,False,True,,5923ce15ebe51ada1e6aa11faa7d00ccfab0df2a3a9eedfff2aaf162734742cb,e25a9d63629c8d71
data/dataset/helopeltis/image_0_2508 - Copy.jpg,4,helopeltis,256,256,5033,True,False,False,False,56.733947708271444,218.3417510986328,60.07498376467722,True,False,False,False,True,,6906c64af4257d0e4f58e05e8a1fd036d18606e99e22f3a4395cbd1b3f47e85f,ea9485426abdb5d2
data/dataset/helopeltis/image_0_2508.jpg,4,helopeltis,256,256,5033,True,False,True,True,56.733947708271444,218.3417510986328,60.07498376467722,True,False,False,False,True,,6906c64af4257d0e4f58e05e8a1fd036d18606e99e22f3a4395cbd1b3f47e85f,ea9485426abdb5d2
data/dataset/helopeltis/image_0_2515 - Copy.jpg,4,helopeltis,256,256,4618,True,False,False,False,61.49195860675536,180.82473754882812,58.040273027295235,True,False,False,False,True,,b249a46fc8b4b0cf8a38ffb74da544d86ec7ac690f51383f1af348892c178ea9,fc8b913c6bc0941f
data/dataset/helopeltis/image_0_2515.jpg,4,helopeltis,256,256,4618,True,False,True,True,61.49195860675536,180.82473754882812,58.040273027295235,True,False,False,False,True,,b249a46fc8b4b0cf8a38ffb74da544d86ec7ac690f51383f1af348892c178ea9,fc8b913c6bc0941f
data/dataset/helopeltis/image_0_2547 - Copy.jpg,4,helopeltis,256,256,4946,True,False,False,False,72.80018491647206,194.10226440429688,47.03687100182159,True,False,False,False,True,,43fca4b9615b22277e86ec93ace79acd55aba4eb9af558177ecf6024ff8d7941,f0c79e38679e9064
data/dataset/helopeltis/image_0_2547.jpg,4,helopeltis,256,256,4946,True,False,True,True,72.80018491647206,194.10226440429688,47.03687100182159,True,False,False,False,True,,43fca4b9615b22277e86ec93ace79acd55aba4eb9af558177ecf6024ff8d7941,f0c79e38679e9064
data/dataset/helopeltis/image_0_2566 - Copy.jpg,4,helopeltis,256,256,5309,True,False,False,False,60.395064988872036,172.38584899902344,56.985929664734385,True,False,False,False,True,,a1f630a3bf22c2f1c455c8ffa4215628162c429665c7dbff032797d8e7f7d79f,a898ce67b158bd64
data/dataset/helopeltis/image_0_2566.jpg,4,helopeltis,256,256,5309,True,False,True,True,60.395064988872036,172.38584899902344,56.985929664734385,True,False,False,False,True,,a1f630a3bf22c2f1c455c8ffa4215628162c429665c7dbff032797d8e7f7d79f,a898ce67b158bd64
data/dataset/helopeltis/image_0_265.jpg,4,helopeltis,256,256,4338,True,False,False,False,55.80062764789909,191.56106567382812,45.019753696436155,True,False,False,False,True,,be9f3f502e138d2dfb0f9b5e11d98db47fb17c181184df6bcefe974f1f7e9982,ec999264c966d993
data/dataset/helopeltis/image_0_2666 - Copy.jpg,4,helopeltis,256,256,4469,True,False,False,False,66.63217113818973,198.5074005126953,49.142760723839444,True,False,False,False,True,,3e191cbb0dd4c3206c0d4cc559e85e99e38f9c43d56622c32c37b19b2e984226,b8c3c71c337139c6
data/dataset/helopeltis/image_0_2666.jpg,4,helopeltis,256,256,4469,True,False,True,True,66.63217113818973,198.5074005126953,49.142760723839444,True,False,False,False,True,,3e191cbb0dd4c3206c0d4cc559e85e99e38f9c43d56622c32c37b19b2e984226,b8c3c71c337139c6
data/dataset/helopeltis/image_0_267.jpg,4,helopeltis,256,256,5288,True,False,False,False,75.9523464476224,168.44520568847656,53.92356114046765,True,False,False,False,True,,dca6fa31fd13b43937db306a92a1cb551cdbbc785fb6dec7635ca0e36989db6c,a8cf9568cb9cb063
data/dataset/helopeltis/image_0_2678 - Copy.jpg,4,helopeltis,256,256,4925,True,False,False,False,48.27136777341366,188.97799682617188,52.841144845794624,True,False,False,False,True,,b2ec0a3acbf40bce1dfaf7ef18311e67b9ffa54a97e850e786e56422bfd786b1,eac2853d78c2a23f
data/dataset/helopeltis/image_0_2678.jpg,4,helopeltis,256,256,4925,True,False,True,True,48.27136777341366,188.97799682617188,52.841144845794624,True,False,False,False,True,,b2ec0a3acbf40bce1dfaf7ef18311e67b9ffa54a97e850e786e56422bfd786b1,eac2853d78c2a23f
data/dataset/helopeltis/image_0_2699 - Copy.jpg,4,helopeltis,256,256,3688,True,False,False,False,58.39886474609375,234.50291442871094,52.19546297362919,True,False,True,False,True,,3624fc95f11d2dcc835953202cc7b3692c4cc61d6179deb7e1394c83fb44ba6a,e53398cc66b33133
data/dataset/helopeltis/image_0_2699.jpg,4,helopeltis,256,256,3688,True,False,True,True,58.39886474609375,234.50291442871094,52.19546297362919,True,False,True,False,True,,3624fc95f11d2dcc835953202cc7b3692c4cc61d6179deb7e1394c83fb44ba6a,e53398cc66b33133
data/dataset/helopeltis/image_0_2712 - Copy.jpg,4,helopeltis,256,256,4625,True,False,False,False,50.02673316001892,210.45468139648438,50.263559727287024,True,False,False,False,True,,a8628553df6a106c2c20214e921585c37bfb5be34479134678c94ddfead44246,b2ced931668c99c9
data/dataset/helopeltis/image_0_2712.jpg,4,helopeltis,256,256,4625,True,False,True,True,50.02673316001892,210.45468139648438,50.263559727287024,True,False,False,False,True,,a8628553df6a106c2c20214e921585c37bfb5be34479134678c94ddfead44246,b2ced931668c99c9
data/dataset/helopeltis/image_0_2833 - Copy.jpg,4,helopeltis,256,256,4570,True,False,False,False,56.759414667030796,187.82276916503906,48.628713504444576,True,False,False,False,True,,b03ca49602085891ffcf85e00e6323aea1da4b73b165f66253eec5fd55638dab,e1949e6f6194866b
data/dataset/helopeltis/image_0_2833.jpg,4,helopeltis,256,256,4570,True,False,True,True,56.759414667030796,187.82276916503906,48.628713504444576,True,False,False,False,True,,b03ca49602085891ffcf85e00e6323aea1da4b73b165f66253eec5fd55638dab,e1949e6f6194866b
data/dataset/helopeltis/image_0_2888 - Copy.jpg,4,helopeltis,256,256,4804,True,False,False,False,61.83659554924816,172.2582550048828,46.55914614632569,True,False,False,False,True,,a72cffe24f9c1aae70470ee787622836e21e24495a2a8c276d96da2885eef68c,b780c81d36f0d98f
data/dataset/helopeltis/image_0_2888.jpg,4,helopeltis,256,256,4804,True,False,True,True,61.83659554924816,172.2582550048828,46.55914614632569,True,False,False,False,True,,a72cffe24f9c1aae70470ee787622836e21e24495a2a8c276d96da2885eef68c,b780c81d36f0d98f
data/dataset/helopeltis/image_0_2991 - Copy.jpg,4,helopeltis,256,256,4628,True,False,False,False,61.92626951634884,198.92864990234375,50.739352362418906,True,False,False,False,True,,f76677cb81263bb61bd5e811daed9589efae5b399512a22a9f3d44759820d9e5,b4cbd23c69d21c69
data/dataset/helopeltis/image_0_2991.jpg,4,helopeltis,256,256,4628,True,False,True,True,61.92626951634884,198.92864990234375,50.739352362418906,True,False,False,False,True,,f76677cb81263bb61bd5e811daed9589efae5b399512a22a9f3d44759820d9e5,b4cbd23c69d21c69
data/dataset/helopeltis/image_0_3007 - Copy.jpg,4,helopeltis,256,256,4994,True,False,False,False,49.35983222723007,178.75137329101562,60.83764290215753,True,False,False,False,True,,2c780c1825bbc9f19aaf1483003434eb8a74f2370f6381719e502754d730145c,a14f9e30676c6b4c
data/dataset/helopeltis/image_0_3007.jpg,4,helopeltis,256,256,4994,True,False,True,True,49.35983222723007,178.75137329101562,60.83764290215753,True,False,False,False,True,,2c780c1825bbc9f19aaf1483003434eb8a74f2370f6381719e502754d730145c,a14f9e30676c6b4c
data/dataset/helopeltis/image_0_3019 - Copy.jpg,4,helopeltis,256,256,4739,True,False,False,False,63.01130661717616,188.49781799316406,47.65673470680327,True,False,False,False,True,,fc43ff615a221e2174a4a64b07cad4e25aab90651bac389d2fb5560d62a0887d,b2c0c91f36e09b9e
data/dataset/helopeltis/image_0_3019.jpg,4,helopeltis,256,256,4739,True,False,True,True,63.01130661717616,188.49781799316406,47.65673470680327,True,False,False,False,True,,fc43ff615a221e2174a4a64b07cad4e25aab90651bac389d2fb5560d62a0887d,b2c0c91f36e09b9e
data/dataset/helopeltis/image_0_3030 - Copy.jpg,4,helopeltis,256,256,4015,True,False,False,False,56.15469330176711,220.416259765625,65.93963919645226,True,False,True,False,True,,dda8d89704579215fa4e8024a5a92eabf1ed941b431eab3e40b156e307fe1cb6,e8979469c6b46b46
data/dataset/helopeltis/image_0_3030.jpg,4,helopeltis,256,256,4015,True,False,True,True,56.15469330176711,220.416259765625,65.93963919645226,True,False,True,False,True,,dda8d89704579215fa4e8024a5a92eabf1ed941b431eab3e40b156e307fe1cb6,e8979469c6b46b46
data/dataset/helopeltis/image_0_3063 - Copy.jpg,4,helopeltis,256,256,4532,True,False,False,False,79.42050159629434,221.5609130859375,55.17659814591089,True,False,True,False,True,,92d976219d1ed1a00f12718c184803c3cb5dfe140d8b35b3a2c375950d11b84e,f486993967cc38c3
data/dataset/helopeltis/image_0_3063.jpg,4,helopeltis,256,256,4532,True,False,True,True,79.42050159629434,221.5609130859375,55.17659814591089,True,False,True,False,True,,92d976219d1ed1a00f12718c184803c3cb5dfe140d8b35b3a2c375950d11b84e,f486993967cc38c3
data/dataset/helopeltis/image_0_3106 - Copy.jpg,4,helopeltis,256,256,3324,True,False,False,False,78.74038696289062,242.31396484375,42.31259481794138,True,False,True,False,True,,9fb96db2ffc3308c48e60b6784895a76bac993aacc2cce7bbd7a082f62b044eb,e6998c663399cca6
data/dataset/helopeltis/image_0_3106.jpg,4,helopeltis,256,256,3324,True,False,True,True,78.74038696289062,242.31396484375,42.31259481794138,True,False,True,False,True,,9fb96db2ffc3308c48e60b6784895a76bac993aacc2cce7bbd7a082f62b044eb,e6998c663399cca6
data/dataset/helopeltis/image_0_3168 - Copy.jpg,4,helopeltis,256,256,5369,True,False,False,False,78.59847833868116,178.82850646972656,62.75419907633463,True,False,False,False,True,,036d95a1675984a0e337b736d40123ae554a1f09a8c028f430949c8761e3336c,b41ac9e4b26f3319
data/dataset/helopeltis/image_0_3168.jpg,4,helopeltis,256,256,5369,True,False,True,True,78.59847833868116,178.82850646972656,62.75419907633463,True,False,False,False,True,,036d95a1675984a0e337b736d40123ae554a1f09a8c028f430949c8761e3336c,b41ac9e4b26f3319
data/dataset/helopeltis/image_0_3223 - Copy.jpg,4,helopeltis,256,256,4825,True,False,False,False,47.21725663449615,178.7985382080078,61.72737270412523,True,False,False,False,True,,6c316272629e9a93078242a5b6f50954ebc2fc67f2c3b9ab8c872a1a5cb3ee2d,be40853f6ac0973d
data/dataset/helopeltis/image_0_3223.jpg,4,helopeltis,256,256,4825,True,False,True,True,47.21725663449615,178.7985382080078,61.72737270412523,True,False,False,False,True,,6c316272629e9a93078242a5b6f50954ebc2fc67f2c3b9ab8c872a1a5cb3ee2d,be40853f6ac0973d
data/dataset/helopeltis/image_0_3262 - Copy.jpg,4,helopeltis,256,256,4331,True,False,False,False,67.75906367506832,210.62489318847656,47.91400290771677,True,False,False,False,True,,b080a999abbbc3ca8a18ee08c52b09ba9aed6cf0b9bb996fc86dbbad2bb52846,b08fcf3034cb933c
data/dataset/helopeltis/image_0_3262.jpg,4,helopeltis,256,256,4331,True,False,True,True,67.75906367506832,210.62489318847656,47.91400290771677,True,False,False,False,True,,b080a999abbbc3ca8a18ee08c52b09ba9aed6cf0b9bb996fc86dbbad2bb52846,b08fcf3034cb933c
data/dataset/helopeltis/image_0_3293 - Copy.jpg,4,helopeltis,256,256,4733,True,False,False,False,67.13277874048799,176.57725524902344,49.58003451634663,True,False,False,False,True,,8ca230764bc78de69e33c8752589e2682109cd080be32c8405363bb6c9bc9af6,b833c74d6c329369
data/dataset/helopeltis/image_0_3293.jpg,4,helopeltis,256,256,4733,True,False,True,True,67.13277874048799,176.57725524902344,49.58003451634663,True,False,False,False,True,,8ca230764bc78de69e33c8752589e2682109cd080be32c8405363bb6c9bc9af6,b833c74d6c329369
data/dataset/helopeltis/image_0_3315 - Copy.jpg,4,helopeltis,256,256,4967,True,False,False,False,72.05898974835873,195.1168212890625,54.63113859291509,True,False,False,False,True,,d70c3bae71e0942b1de3b228d11e2d194efc5daa0794a9e6a95d72e2ea53095b,e5ce9231cf38c992
data/dataset/helopeltis/image_0_3315.jpg,4,helopeltis,256,256,4967,True,False,True,True,72.05898974835873,195.1168212890625,54.63113859291509,True,False,False,False,True,,d70c3bae71e0942b1de3b228d11e2d194efc5daa0794a9e6a95d72e2ea53095b,e5ce9231cf38c992
data/dataset/helopeltis/image_0_3491 - Copy.jpg,4,helopeltis,256,256,5527,True,False,False,False,75.38316343328916,166.15956115722656,51.790784672845966,True,False,False,False,True,,86a1a998e65bbc643b841b2caf09fac3ab7b4797a54b0c1ce88bbb0dea339c21,ff81806c2fb4b0cb
data/dataset/helopeltis/image_0_3491.jpg,4,helopeltis,256,256,5527,True,False,True,True,75.38316343328916,166.15956115722656,51.790784672845966,True,False,False,False,True,,86a1a998e65bbc643b841b2caf09fac3ab7b4797a54b0c1ce88bbb0dea339c21,ff81806c2fb4b0cb
data/dataset/helopeltis/image_0_3528 - Copy.jpg,4,helopeltis,256,256,5209,True,False,False,False,64.8829599879682,176.9730224609375,58.55081712313334,True,False,False,False,True,,479a6d5a95d18f1f507e48bb34cbba4aa5c6bcdf86fc4ae3301a04afbde9b33c,e3219cde63399c46
data/dataset/helopeltis/image_0_3528.jpg,4,helopeltis,256,256,5209,True,False,True,True,64.8829599879682,176.9730224609375,58.55081712313334,True,False,False,False,True,,479a6d5a95d18f1f507e48bb34cbba4aa5c6bcdf86fc4ae3301a04afbde9b33c,e3219cde63399c46
data/dataset/helopeltis/image_0_3535 - Copy.jpg,4,helopeltis,256,256,4407,True,False,False,False,57.929991892538965,186.1654052734375,46.56281181189441,True,False,False,False,True,,0496a874e85402b5934d3f90a04896d19093070ad9eb845612beaebaef36940f,e733986c36936c32
data/dataset/helopeltis/image_0_3535.jpg,4,helopeltis,256,256,4407,True,False,True,True,57.929991892538965,186.1654052734375,46.56281181189441,True,False,False,False,True,,0496a874e85402b5934d3f90a04896d19093070ad9eb845612beaebaef36940f,e733986c36936c32
data/dataset/helopeltis/image_0_3565 - Copy.jpg,4,helopeltis,256,256,4411,True,False,False,False,38.74113461538218,190.42306518554688,51.614525141146494,True,False,False,False,True,,488f9fda612b50a14280841163888451a2c26ffdef1671c1bf7f777bc7107623,e67399cc39996609
data/dataset/helopeltis/image_0_3565.jpg,4,helopeltis,256,256,4411,True,False,True,True,38.74113461538218,190.42306518554688,51.614525141146494,True,False,False,False,True,,488f9fda612b50a14280841163888451a2c26ffdef1671c1bf7f777bc7107623,e67399cc39996609
data/dataset/helopeltis/image_0_3566 - Copy.jpg,4,helopeltis,256,256,4098,True,False,False,False,47.54740905179642,208.39788818359375,39.80970371892598,True,False,False,False,True,,9a801bcf5c7745cff695114f65c9a012cedf420013c39a1f93b3a72a8a0b68d1,b2c7cd3066cf9930
data/dataset/helopeltis/image_0_3566.jpg,4,helopeltis,256,256,4098,True,False,True,True,47.54740905179642,208.39788818359375,39.80970371892598,True,False,False,False,True,,9a801bcf5c7745cff695114f65c9a012cedf420013c39a1f93b3a72a8a0b68d1,b2c7cd3066cf9930
data/dataset/helopeltis/image_0_357.jpg,4,helopeltis,256,256,4417,True,False,False,False,51.42831416334957,187.9481964111328,47.40753990866739,True,False,False,False,True,,801fa93bc27ab9e5b30db73fdcd6dcadd92c71a783ab3c9f15a975caa3b61e71,e3399c64319ace65
data/dataset/helopeltis/image_0_3609 - Copy.jpg,4,helopeltis,256,256,5246,True,False,False,False,51.01281505450606,166.36264038085938,59.34752235912684,True,False,False,False,True,,26c4b03cdcdbbdaa6a7513428edfb95ff70f964a2246b7dc9d87d887c5b09fd3,ad69c09636fd3862
data/dataset/helopeltis/image_0_3609.jpg,4,helopeltis,256,256,5246,True,False,True,True,51.01281505450606,166.36264038085938,59.34752235912684,True,False,False,False,True,,26c4b03cdcdbbdaa6a7513428edfb95ff70f964a2246b7dc9d87d887c5b09fd3,ad69c09636fd3862
data/dataset/helopeltis/image_0_3659 - Copy.jpg,4,helopeltis,256,256,5081,True,False,False,False,64.8416592606809,169.69374084472656,48.58942342709236,True,False,False,False,True,,ddfcb70d9f0c9df9487be5ba138dc49382dcbe4bbff9ddf686b28058bae6db5f,a592986d336693d9
data/dataset/helopeltis/image_0_3659.jpg,4,helopeltis,256,256,5081,True,False,True,True,64.8416592606809,169.69374084472656,48.58942342709236,True,False,False,False,True,,ddfcb70d9f0c9df9487be5ba138dc49382dcbe4bbff9ddf686b28058bae6db5f,a592986d336693d9
data/dataset/helopeltis/image_0_3667 - Copy.jpg,4,helopeltis,256,256,4682,True,False,False,False,62.98935219994746,170.5247039794922,40.22949833997503,True,False,False,False,True,,d25a5ca2f23af8502ddc22a9c5437c44904ea1960dafc0bfe714081cc06c9a1b,f219cd6633398cc9
data/dataset/helopeltis/image_0_3667.jpg,4,helopeltis,256,256,4682,True,False,True,True,62.98935219994746,170.5247039794922,40.22949833997503,True,False,False,False,True,,d25a5ca2f23af8502ddc22a9c5437c44904ea1960dafc0bfe714081cc06c9a1b,f219cd6633398cc9
data/dataset/helopeltis/image_0_3668 - Copy.jpg,4,helopeltis,256,256,4449,True,False,False,False,65.44352715439163,183.94300842285156,52.49430658425628,True,False,False,False,True,,e5b23a92b629d74db04e42d11edd072b922d80466ca4a9b47477b1e622a57fb3,f8c7973863879c48
data/dataset/helopeltis/image_0_3668.jpg,4,helopeltis,256,256,4449,True,False,True,True,65.44352715439163,183.94300842285156,52.49430658425628,True,False,False,False,True,,e5b23a92b629d74db04e42d11edd072b922d80466ca4a9b47477b1e622a57fb3,f8c7973863879c48
data/dataset/helopeltis/image_0_3739 - Copy.jpg,4,helopeltis,256,256,4860,True,False,False,False,79.00436333473772,195.2855224609375,49.984184404142745,True,False,False,False,True,,76a567ac528a41b25f79b0ecbb6b20c11cd3f2a694c43cba4f1b8e772a5b6dce,e4999b678c65c992
data/dataset/helopeltis/image_0_3739.jpg,4,helopeltis,256,256,4860,True,False,True,True,79.00436333473772,195.2855224609375,49.984184404142745,True,False,False,False,True,,76a567ac528a41b25f79b0ecbb6b20c11cd3f2a694c43cba4f1b8e772a5b6dce,e4999b678c65c992
data/dataset/helopeltis/image_0_3758 - Copy.jpg,4,helopeltis,256,256,4598,True,False,False,False,79.05255081877112,192.73883056640625,42.60135401046548,True,False,False,False,True,,013a92eeea8e15e45a2defb363f8766b0b0d871f4b6eed72758c53406eb20e39,e78c983364cc9337
data/dataset/helopeltis/image_0_3758.jpg,4,helopeltis,256,256,4598,True,False,True,True,79.05255081877112,192.73883056640625,42.60135401046548,True,False,False,False,True,,013a92eeea8e15e45a2defb363f8766b0b0d871f4b6eed72758c53406eb20e39,e78c983364cc9337
data/dataset/helopeltis/image_0_3809 - Copy.jpg,4,helopeltis,256,256,5110,True,False,False,False,75.82858070638031,192.1747589111328,46.4671027991903,True,False,False,False,True,,d618313fadda3d3e89eb56fdc1edc98097966b420a8f15c84700dbb78c4f19b2,b4c1cb3e24c19b9e
data/dataset/helopeltis/image_0_3809.jpg,4,helopeltis,256,256,5110,True,False,True,True,75.82858070638031,192.1747589111328,46.4671027991903,True,False,False,False,True,,d618313fadda3d3e89eb56fdc1edc98097966b420a8f15c84700dbb78c4f19b2,b4c1cb3e24c19b9e
data/dataset/helopeltis/image_0_3818 - Copy.jpg,4,helopeltis,256,256,3709,True,False,False,False,67.73248270060867,239.10128784179688,43.49104684378184,True,False,True,False,True,,d176c1b0bc8f2b88cf9ee611be265f707a7e2d0427971a22eaae034c65920bb8,f089df26609d9761
data/dataset/helopeltis/image_0_3818.jpg,4,helopeltis,256,256,3709,True,False,True,True,67.73248270060867,239.10128784179688,43.49104684378184,True,False,True,False,True,,d176c1b0bc8f2b88cf9ee611be265f707a7e2d0427971a22eaae034c65920bb8,f089df26609d9761
data/dataset/helopeltis/image_0_3828 - Copy.jpg,4,helopeltis,256,256,4717,True,False,False,False,73.93339482671581,203.53152465820312,54.021931873854946,True,False,False,False,True,,5f74c632bc9c8112c2d470c98c2877eb3b1d3d347ce8001af3994cb11ad248bc,f08b933c69c3961d
data/dataset/helopeltis/image_0_3828.jpg,4,helopeltis,256,256,4717,True,False,True,True,73.93339482671581,203.53152465820312,54.021931873854946,True,False,False,False,True,,5f74c632bc9c8112c2d470c98c2877eb3b1d3d347ce8001af3994cb11ad248bc,f08b933c69c3961d
data/dataset/helopeltis/image_0_3833 - Copy.jpg,4,helopeltis,256,256,4892,True,False,False,False,66.05023163184524,175.04244995117188,48.92405294231485,True,False,False,False,True,,61230e4d45148df8e8ce67f98eefd78ec3bac24bfcfa0ee5248da8508d3bf0a2,a8c79668c9976a78
data/dataset/helopeltis/image_0_3833.jpg,4,helopeltis,256,256,4892,True,False,True,True,66.05023163184524,175.04244995117188,48.92405294231485,True,False,False,False,True,,61230e4d45148df8e8ce67f98eefd78ec3bac24bfcfa0ee5248da8508d3bf0a2,a8c79668c9976a78
data/dataset/helopeltis/image_0_3900 - Copy.jpg,4,helopeltis,256,256,5054,True,False,False,False,77.52450550254434,193.0635528564453,44.53526474198767,True,False,False,False,True,,79543903642671ecf7a8c257991d410114b19c3564815ac8eec8a60de8ae139b,bc1ac2653d9ad06d
data/dataset/helopeltis/image_0_3900.jpg,4,helopeltis,256,256,5054,True,False,True,True,77.52450550254434,193.0635528564453,44.53526474198767,True,False,False,False,True,,79543903642671ecf7a8c257991d410114b19c3564815ac8eec8a60de8ae139b,bc1ac2653d9ad06d
data/dataset/helopeltis/image_0_4118 - Copy.jpg,4,helopeltis,256,256,4711,True,False,False,False,46.70565742254257,190.5337371826172,57.58116503792516,True,False,False,False,True,,1081c31deb0890ffa083a461bcb3d1f2e7813df1540409ac4bd11c50be5ffde3,e54c98b3963336cc
data/dataset/helopeltis/image_0_4118.jpg,4,helopeltis,256,256,4711,True,False,True,True,46.70565742254257,190.5337371826172,57.58116503792516,True,False,False,False,True,,1081c31deb0890ffa083a461bcb3d1f2e7813df1540409ac4bd11c50be5ffde3,e54c98b3963336cc
data/dataset/helopeltis/image_0_4140 - Copy.jpg,4,helopeltis,256,256,4314,True,False,False,False,57.5758361062035,201.9981689453125,45.89876392508151,True,False,False,False,True,,c4b8e00258f70f72ece4cc982bd6c575eb3821120890f4349e8972c2d9d18938,e4dc9a3165cec638
data/dataset/helopeltis/image_0_4140.jpg,4,helopeltis,256,256,4314,True,False,True,True,57.5758361062035,201.9981689453125,45.89876392508151,True,False,False,False,True,,c4b8e00258f70f72ece4cc982bd6c575eb3821120890f4349e8972c2d9d18938,e4dc9a3165cec638
data/dataset/helopeltis/image_0_4251 - Copy.jpg,4,helopeltis,256,256,4520,True,False,False,False,69.62271102424711,192.19351196289062,46.013937436108684,True,False,False,False,True,,eeefa0049f015a889f99a1640e310bde9ca31690dadbd40681cab721b8a2ced6,b067ce3861e79899
data/dataset/helopeltis/image_0_4251.jpg,4,helopeltis,256,256,4520,True,False,True,True,69.62271102424711,192.19351196289062,46.013937436108684,True,False,False,False,True,,eeefa0049f015a889f99a1640e310bde9ca31690dadbd40681cab721b8a2ced6,b067ce3861e79899
data/dataset/helopeltis/image_0_4259 - Copy.jpg,4,helopeltis,256,256,5332,True,False,False,False,55.97634923248552,167.6074676513672,62.04219773922652,True,False,False,False,True,,256dd47547527f9791002d96d18dae9f97f64aaf68c46bf06ce1b8ecae8afa7a,aad5957ac2a51f50
data/dataset/helopeltis/image_0_4259.jpg,4,helopeltis,256,256,5332,True,False,True,True,55.97634923248552,167.6074676513672,62.04219773922652,True,False,False,False,True,,256dd47547527f9791002d96d18dae9f97f64aaf68c46bf06ce1b8ecae8afa7a,aad5957ac2a51f50
data/dataset/helopeltis/image_0_431.jpg,4,helopeltis,256,256,4747,True,False,False,False,72.1183929441031,194.0045928955078,49.89511270651797,True,False,False,False,True,,611c61b66169dc9bd6ccd6c23bae232f8a09f2c997371167ad53bc8d9acd3ba4,b49acb65309acd65
data/dataset/helopeltis/image_0_4346 - Copy.jpg,4,helopeltis,256,256,4473,True,False,False,False,79.11308283335529,225.09613037109375,57.69968992294245,True,False,True,False,True,,fc9c3478773895aaf73e71e720af78b04f9263897973eb49c193d28496628732,e89c9763689c8763
data/dataset/helopeltis/image_0_4346.jpg,4,helopeltis,256,256,4473,True,False,True,True,79.11308283335529,225.09613037109375,57.69968992294245,True,False,True,False,True,,fc9c3478773895aaf73e71e720af78b04f9263897973eb49c193d28496628732,e89c9763689c8763
data/dataset/helopeltis/image_0_4349 - Copy.jpg,4,helopeltis,256,256,4751,True,False,False,False,73.60755735985003,173.73924255371094,50.47047708260549,True,False,False,False,True,,0a3e1fcd1264776195b361ae0a9bc1e1da2999ed8ca06a9d53d1f2f35c93bec7,e5129acf63303c9b
data/dataset/helopeltis/image_0_4349.jpg,4,helopeltis,256,256,4751,True,False,True,True,73.60755735985003,173.73924255371094,50.47047708260549,True,False,False,False,True,,0a3e1fcd1264776195b361ae0a9bc1e1da2999ed8ca06a9d53d1f2f35c93bec7,e5129acf63303c9b
data/dataset/helopeltis/image_0_467.jpg,4,helopeltis,256,256,5052,True,False,False,False,59.830678976140916,183.633544921875,62.87944548525486,True,False,False,False,True,,a52669e04d077efcebe95e0afc05cf6525933ea2f4eafb56b8391576d8feb44b,b399cc64c633d331
data/dataset/helopeltis/image_0_486.jpg,4,helopeltis,256,256,4980,True,False,False,False,79.92924492782913,190.02865600585938,44.69583896053482,True,False,False,False,True,,578d895d606bdbec54fdcd50cdcb8bb1d4a086ec1a151d630efb434bc973d33a,b4c3ca3c61c39e69
data/dataset/helopeltis/image_0_487.jpg,4,helopeltis,256,256,5469,True,False,False,False,55.97505929484032,179.40725708007812,63.161704731975384,True,False,False,False,True,,a53da89cd927f69d2136bfb1499061890bd76b921a60f70437750e28322bf6dc,e83c95c363b82c37
data/dataset/helopeltis/image_0_560.jpg,4,helopeltis,256,256,4986,True,False,False,False,76.91467261314392,172.21693420410156,42.03375429023388,True,False,False,False,True,,13e3ef7483667dfee4657c0b9c453156d1003107460ddf33e6cc246fa2810882,f09acf6438c96786
data/dataset/helopeltis/image_0_609.jpg,4,helopeltis,256,256,5681,True,False,False,False,77.63427452649921,169.7624969482422,65.81327348593287,True,False,False,False,True,,e3c3d66264c6ba0b752faa81903fb3c25a3858dde1be117722048b396ce23a2a,bac0953d684bc79c
data/dataset/helopeltis/image_0_653.jpg,4,helopeltis,256,256,4193,True,False,False,False,65.03109725471586,203.47802734375,41.70332630519083,True,False,False,False,True,,75117e5da00105f711fd352ad014cff523229bd023d25ce81b6e21a1d1e74458,e7b298cc653398cc
data/dataset/helopeltis/image_0_70.jpg,4,helopeltis,256,256,4397,True,False,False,False,69.01194740808569,191.626220703125,47.886134179472194,True,False,False,False,True,,97024f7a927b1e38246db33f57388e7fbf1adb91f6f6a3e5a9fb8cad4ff441b0,b4c7c93863c61cb3
data/dataset/helopeltis/image_0_72.jpg,4,helopeltis,256,256,4861,True,False,False,False,70.08033087453805,185.31185913085938,45.05620849083952,True,False,False,False,True,,09f8eb623d60969d4bd118f0b0486db2f37a2b11d36c55b0d7b68ec4a463c2ee,e3cc9c316accb193
data/dataset/helopeltis/image_0_779.jpg,4,helopeltis,256,256,4726,True,False,False,False,75.52622981905006,190.9577178955078,50.864579442259206,True,False,False,False,True,,fff35d3c713cc90f1fa83813d7dd23c9ef57d5d0c5b1e8a5b84238b33df47f6b,b6a6cc1993c73866
data/dataset/helopeltis/image_0_807.jpg,4,helopeltis,256,256,4429,True,False,False,False,63.402114828815684,209.12965393066406,48.1351094245798,True,False,False,False,True,,d435f649cd349bf4777f47c3eb8de1b0e8a9cc187d704e5afeecb99e9a134c11,b09acf65309acdc5
data/dataset/helopeltis/image_0_857.jpg,4,helopeltis,256,256,4421,True,False,False,False,68.10858154203743,208.9256134033203,47.792941830125805,True,False,False,False,True,,377f235068fadcbefd3f54caa085b6dc90f0e0e6a905535b7215d1cf623f7da7,b299cd6633996c8c
data/dataset/helopeltis/image_0_878.jpg,4,helopeltis,256,256,5603,True,False,False,False,70.46687316312455,171.86355590820312,65.72507690993183,True,False,False,False,True,,923703d26f2d98ad14f403f1a2f39edbb373ec1e6a49878a1d78b28468edbb84,e0cf9ab09d33c632
data/dataset/red_spot/20211227_155805 - Copy.jpg,5,red_spot,256,256,4785,True,False,False,False,66.2089229291305,167.1233673095703,63.39950365603917,True,False,False,False,True,,8df2353223c4644e605d3151ed6759fdabdf01af53bfa237f1aacd18ba84aa3d,eaea85953e4ae0e4
data/dataset/red_spot/20211227_155805.jpg,5,red_spot,256,256,4785,True,False,True,True,66.2089229291305,167.1233673095703,63.39950365603917,True,False,False,False,True,,8df2353223c4644e605d3151ed6759fdabdf01af53bfa237f1aacd18ba84aa3d,eaea85953e4ae0e4
data/dataset/red_spot/20211227_155955 - Copy.jpg,5,red_spot,256,256,4556,True,False,False,False,77.76214018370956,163.19961547851562,47.53378229045652,True,False,False,False,True,,be4e4bfcb5861e47a963331700fe5302e2f1cd42ee4bd25615b38911296ba13d,aa87957a6e85945a
data/dataset/red_spot/20211227_155955.jpg,5,red_spot,256,256,4556,True,False,True,True,77.76214018370956,163.19961547851562,47.53378229045652,True,False,False,False,True,,be4e4bfcb5861e47a963331700fe5302e2f1cd42ee4bd25615b38911296ba13d,aa87957a6e85945a
data/dataset/red_spot/20211227_160007 - Copy.jpg,5,red_spot,256,256,4756,True,False,False,False,76.87771200761199,160.94558715820312,52.8728563620069,True,False,False,False,True,,e819e23bde8be8ef9672bc142e37233992e2f6a708e0932a60490a5a10139f56,abc6d0382ed5f14a
data/dataset/red_spot/20211227_160007.jpg,5,red_spot,256,256,4756,True,False,True,True,76.87771200761199,160.94558715820312,52.8728563620069,True,False,False,False,True,,e819e23bde8be8ef9672bc142e37233992e2f6a708e0932a60490a5a10139f56,abc6d0382ed5f14a
data/dataset/red_spot/20211227_160115 - Copy.jpg,5,red_spot,256,256,5324,True,False,False,False,74.73440473433584,161.78076171875,66.83685229872091,True,False,False,False,True,,2e7c0f020ad80ba6b91b40b71f5c2b8e4631a4ecfcd058883482fff3907efd3f,bfbbc0f04a4a2c2d
data/dataset/red_spot/20211227_160115.jpg,5,red_spot,256,256,5324,True,False,True,True,74.73440473433584,161.78076171875,66.83685229872091,True,False,False,False,True,,2e7c0f020ad80ba6b91b40b71f5c2b8e4631a4ecfcd058883482fff3907efd3f,bfbbc0f04a4a2c2d
data/dataset/red_spot/20211227_160248 - Copy.jpg,5,red_spot,256,256,4208,True,False,False,False,72.42430109507404,155.9257354736328,45.09010204882317,True,False,False,False,True,,957296c38f84a07569a15310621100ca149a196428bf5816d777bfe617ceb3c8,bfc2c02f2fd0d00f
data/dataset/red_spot/20211227_160248.jpg,5,red_spot,256,256,4208,True,False,True,True,72.42430109507404,155.9257354736328,45.09010204882317,True,False,False,False,True,,957296c38f84a07569a15310621100ca149a196428bf5816d777bfe617ceb3c8,bfc2c02f2fd0d00f
data/dataset/red_spot/20211227_161420 - Copy.jpg,5,red_spot,256,256,4520,True,False,False,False,78.2807617103681,171.01255798339844,46.66223174289585,True,False,False,False,True,,5711e088b548106cef25498b83190493b02a12598d3a2428ecf5cef8a7ca1a1f,fd82c23d69c0970f
data/dataset/red_spot/20211227_161420.jpg,5,red_spot,256,256,4520,True,False,True,True,78.2807617103681,171.01255798339844,46.66223174289585,True,False,False,False,True,,5711e088b548106cef25498b83190493b02a12598d3a2428ecf5cef8a7ca1a1f,fd82c23d69c0970f
data/dataset/red_spot/20211227_161533 - Copy.jpg,5,red_spot,256,256,3112,True,False,False,False,38.159285984700546,151.70420837402344,23.208397535726306,True,False,False,True,True,,e07d97b275526ab4d1b53f9ec0d0906dc38536e3a51f6e53c815bcddd42035ad,f38ccc3333cccc31
data/dataset/red_spot/20211227_161533.jpg,5,red_spot,256,256,3112,True,False,True,True,38.159285984700546,151.70420837402344,23.208397535726306,True,False,False,True,True,,e07d97b275526ab4d1b53f9ec0d0906dc38536e3a51f6e53c815bcddd42035ad,f38ccc3333cccc31
data/dataset/red_spot/20211227_161608 - Copy.jpg,5,red_spot,256,256,4218,True,False,False,False,42.352126421174034,171.9469451904297,48.37302326091526,True,False,False,False,True,,0b7af07d9e17fe25a45edbc59cf7c06090ee0080cbfd3f1d34de7e29ff1f1ea8,ea83953d62c72d98
data/dataset/red_spot/20211227_161608.jpg,5,red_spot,256,256,4218,True,False,True,True,42.352126421174034,171.9469451904297,48.37302326091526,True,False,False,False,True,,0b7af07d9e17fe25a45edbc59cf7c06090ee0080cbfd3f1d34de7e29ff1f1ea8,ea83953d62c72d98
data/dataset/red_spot/20211227_161755 - Copy.jpg,5,red_spot,256,256,3726,True,False,False,False,72.53581198654138,175.24200439453125,53.83977471256348,True,False,False,False,True,,c4e2a3bf949198855d4596fcef815ed46161ec751cba94f4cfaa832cb9d58b06,e88797786887955a
data/dataset/red_spot/20211227_161755.jpg,5,red_spot,256,256,3726,True,False,True,True,72.53581198654138,175.24200439453125,53.83977471256348,True,False,False,False,True,,c4e2a3bf949198855d4596fcef815ed46161ec751cba94f4cfaa832cb9d58b06,e88797786887955a
data/dataset/red_spot/20211227_161924 - Copy.jpg,5,red_spot,256,256,3593,True,False,False,False,57.84977629757486,151.90411376953125,38.239939335357505,True,False,False,False,True,,8535446881d78726d6f3589aadf60dfb1b87328c793f3ca37469a459ffb61fcf,e58c98336d9c9366
data/dataset/red_spot/20211227_161924.jpg,5,red_spot,256,256,3593,True,False,True,True,57.84977629757486,151.90411376953125,38.239939335357505,True,False,False,False,True,,8535446881d78726d6f3589aadf60dfb1b87328c793f3ca37469a459ffb61fcf,e58c98336d9c9366
data/dataset/red_spot/20211227_162556 - Copy.jpg,5,red_spot,256,256,4942,True,False,False,False,62.907300386345014,168.85452270507812,60.61695050402522,True,False,False,False,True,,530e69a5c7e7deace915337962bcb3459fe78c6bc07ccaab1b50476994ae9d00,bfc0c02d6ef0b4c9
data/dataset/red_spot/20211227_162556.jpg,5,red_spot,256,256,4942,True,False,True,True,62.907300386345014,168.85452270507812,60.61695050402522,True,False,False,False,True,,530e69a5c7e7deace915337962bcb3459fe78c6bc07ccaab1b50476994ae9d00,bfc0c02d6ef0b4c9
data/dataset/red_spot/20211227_162949 - Copy.jpg,5,red_spot,256,256,4265,True,False,False,False,79.61518837488256,141.95046997070312,46.34494998181801,True,False,False,False,True,,60a84cfb96b3f8fd69771564ad7437fc1656ad2fe87bbfb18ebba14c03f8820a,e8b897c76a68a531
data/dataset/red_spot/20211227_162949.jpg,5,red_spot,256,256,4265,True,False,True,True,79.61518837488256,141.95046997070312,46.34494998181801,True,False,False,False,True,,60a84cfb96b3f8fd69771564ad7437fc1656ad2fe87bbfb18ebba14c03f8820a,e8b897c76a68a531
data/dataset/red_spot/20211227_165142 - Copy.jpg,5,red_spot,256,256,3797,True,False,False,False,37.09225266799331,170.9951934814453,34.183240771987954,True,False,False,False,True,,ffb34e0a3c3fbe93bc29f87421c85090362f4083197411b24a17134e3bbd8cf7,f196c7693896c368
data/dataset/red_spot/20211227_165142.jpg,5,red_spot,256,256,3797,True,False,True,True,37.09225266799331,170.9951934814453,34.183240771987954,True,False,False,False,True,,ffb34e0a3c3fbe93bc29f87421c85090362f4083197411b24a17134e3bbd8cf7,f196c7693896c368
data/dataset/red_spot/20211228_115614 - Copy.jpg,5,red_spot,256,256,4802,True,False,False,False,79.85995483025908,174.68687438964844,51.41058399600368,True,False,False,False,True,,852d202468ffa939441cfc3f5f07298ed9e504118e917939ecbc69dc0d0c47bf,ef5094c77a38e521
data/dataset/red_spot/20211228_115614.jpg,5,red_spot,256,256,4802,True,False,True,True,79.85995483025908,174.68687438964844,51.41058399600368,True,False,False,False,True,,852d202468ffa939441cfc3f5f07298ed9e504118e917939ecbc69dc0d0c47bf,ef5094c77a38e521
data/dataset/red_spot/20211228_120104 - Copy.jpg,5,red_spot,256,256,4411,True,False,False,False,59.72877487889491,167.47225952148438,40.94035011544511,True,False,False,False,True,,cdd5a436775001e7a7072ede692dd72b69ea6f904f8cf255794bc2e088681f8d,ff39c0c01e3e69e0
data/dataset/red_spot/20211228_120104.jpg,5,red_spot,256,256,4411,True,False,True,True,59.72877487889491,167.47225952148438,40.94035011544511,True,False,False,False,True,,cdd5a436775001e7a7072ede692dd72b69ea6f904f8cf255794bc2e088681f8d,ff39c0c01e3e69e0
data/dataset/red_spot/20211228_120527 - Copy.jpg,5,red_spot,256,256,4968,True,False,False,False,72.47570773866028,173.1485595703125,42.37482348812525,True,False,False,False,True,,2f32e53cd58e7c48f919f0ce76961bb75cfd6a6d7926690895e97ef8ff3efd9a,fa6a84c46a7a1eb4
data/dataset/red_spot/20211228_120527.jpg,5,red_spot,256,256,4968,True,False,True,True,72.47570773866028,173.1485595703125,42.37482348812525,True,False,False,False,True,,2f32e53cd58e7c48f919f0ce76961bb75cfd6a6d7926690895e97ef8ff3efd9a,fa6a84c46a7a1eb4
data/dataset/red_spot/20211228_123834 - Copy.jpg,5,red_spot,256,256,4292,True,False,False,False,73.02314726426266,174.71095275878906,48.17966684730752,True,False,False,False,True,,5f2f0ca27890f862c7cc0672bb5714129ab588a947f1cdba626b60132c203b3d,f5b4ca823d3cc2e2
data/dataset/red_spot/20211228_123834.jpg,5,red_spot,256,256,4292,True,False,True,True,73.02314726426266,174.71095275878906,48.17966684730752,True,False,False,False,True,,5f2f0ca27890f862c7cc0672bb5714129ab588a947f1cdba626b60132c203b3d,f5b4ca823d3cc2e2
data/dataset/red_spot/20211228_124150 - Copy.jpg,5,red_spot,256,256,5264,True,False,False,False,78.7962188438978,168.28289794921875,55.873252902376336,True,False,False,False,True,,f9f9298558aa11a857ac5f813aca41f487c03591fe1937b61ff24abf28e4cd3b,fe90816a3ea5e0da
data/dataset/red_spot/20211228_124150.jpg,5,red_spot,256,256,5264,True,False,True,True,78.7962188438978,168.28289794921875,55.873252902376336,True,False,False,False,True,,f9f9298558aa11a857ac5f813aca41f487c03591fe1937b61ff24abf28e4cd3b,fe90816a3ea5e0da
data/dataset/red_spot/20211228_125231 - Copy.jpg,5,red_spot,256,256,4387,True,False,False,False,74.25579750165343,165.11831665039062,41.83316447623849,True,False,False,False,True,,373b0dc4c64359e544bb149b3ca62ff5bbef399cebe75d8359caa7d2dec4b9db,f487cb383cc3b30c
data/dataset/red_spot/20211228_125231.jpg,5,red_spot,256,256,4387,True,False,True,True,74.25579750165343,165.11831665039062,41.83316447623849,True,False,False,False,True,,373b0dc4c64359e544bb149b3ca62ff5bbef399cebe75d8359caa7d2dec4b9db,f487cb383cc3b30c
data/dataset/red_spot/image_0_1324.jpg,5,red_spot,256,256,4221,True,False,False,False,77.76863097562455,175.361328125,53.97068693907404,True,False,False,False,True,,bc23ede48d295c9def1c99588f0a7311be1d73e8ee45aff041f429a1cc1c4cf2,a5da8e65301e6b99
data/dataset/red_spot/image_0_1452.jpg,5,red_spot,256,256,5225,True,False,False,False,69.04747008136474,178.2628631591797,64.99257261317243,True,False,False,False,True,,399cabdcf033556de6bfd89507d323a89ccc00f23a7685e9cf1545fd2298a576,a89ec76134361b9d
data/dataset/red_spot/image_0_147.jpg,5,red_spot,256,256,5224,True,False,False,False,67.55491632944904,162.13888549804688,66.19745044514609,True,False,False,False,True,,a6208d62e85bd7dc4c1ae5d9f9cd303add47e0501988afbcc705f457e856fa8d,e8ba95c15a8e6d38
data/dataset/red_spot/image_0_1622.jpg,5,red_spot,256,256,5196,True,False,False,False,64.08685586205684,165.616455078125,68.48749658840802,True,False,False,False,True,,513a6325aefd60c36ff073e6bbef079341dd3b8bd9c8eb3440f01fef2aa2c743,babd85c260bd3712
data/dataset/red_spot/image_0_1629.jpg,5,red_spot,256,256,4754,True,False,False,False,74.49070622376166,184.96400451660156,55.60357926829254,True,False,False,False,True,,a098ef79ab1cb620617d647d331c8d26dfb3d594c342b3735b41d9724d6c69c3,fc94c76b3894c2c9
data/dataset/red_spot/image_0_1730.jpg,5,red_spot,256,256,4179,True,False,False,False,77.36320456466638,186.41299438476562,48.60649355202768,True,False,False,False,True,,137fa1523e60fbfe4d518ce5591299ab2ae036b8c3168fcd81cc2837d943a59d,e6c99932644d699b
data/dataset/red_spot/image_0_1796.jpg,5,red_spot,256,256,3794,True,False,False,False,57.894988998770714,238.8452911376953,39.08493621427543,True,False,True,False,True,,35f47b61fffe761264f6e34bb59a8a8818f94269d3f55e87ebac6417002f3a87,b896c7683c97c16a
data/dataset/red_spot/image_0_1817.jpg,5,red_spot,256,256,4648,True,False,False,False,69.73576354770921,157.01031494140625,46.32232702229225,True,False,False,False,True,,119f7716c85fd06e8641db4923b40cdb83bc0bda2727ece1db0817bd3a426139,f08f8e3065cb3acc
data/dataset/red_spot/image_0_1829.jpg,5,red_spot,256,256,4060,True,False,False,False,79.00592037662864,204.5166473388672,64.98782514408299,True,False,False,False,True,,0d1ae211b72810343da6a7479647f335406f56ffad82f20c060f3bc90acdf381,e19e9e693896c398
data/dataset/red_spot/image_0_1865.jpg,5,red_spot,256,256,5005,True,False,False,False,67.67497246689163,171.5477752685547,64.906059861032,True,False,False,False,True,,fe8c3d596dbde7199e58e971850af6ac7285d6169bbf2eb0c22dfc903c11cf98,eafa95e16a1e6160
data/dataset/red_spot/image_0_2267.jpg,5,red_spot,256,256,5957,True,False,False,False,64.60545298992656,153.73886108398438,60.45870758883492,True,False,False,False,True,,cbcb17ea068c03096f434b87119e9aed000686fb5aa5f365e33e8d6c88594d4b,aac5950b5a7f2b82
data/dataset/red_spot/image_0_2408.jpg,5,red_spot,256,256,4407,True,False,False,False,50.280487060546875,176.87930297851562,40.31646156167484,True,False,False,False,True,,1fdf00b91763e2d1e8c099de791e680605f3f6dd93271380fbdf5aa366dd2f52,ad61c3963e3c61c3
data/dataset/red_spot/image_0_2525.jpg,5,red_spot,256,256,3896,True,False,False,False,73.04898003395647,210.39723205566406,32.32547600885153,True,False,False,False,True,,2bea3dfd7b81bbdbf7eb2508924436800e3296a416f9028961f6f4eebd57a5e7,e68c99b266cc9933
data/dataset/red_spot/image_0_2619.jpg,5,red_spot,256,256,4041,True,False,False,False,38.90508983936161,229.5260467529297,46.95595313377663,True,False,True,False,True,,7d89642b576b88b4793741b6c38650d229070edcfb37aafe19f1867babb9e73a,ea90952f7ac1a51e
data/dataset/red_spot/image_0_2780.jpg,5,red_spot,256,256,5450,True,False,False,False,78.18122424161993,168.95928955078125,60.442988166448245,True,False,False,False,True,,0d08c9ae1e0d3da81a53b8bc40f96e79825f2e366440e1f9ebd61111e257220c,af90d0692d947acb
data/dataset/red_spot/image_0_2887.jpg,5,red_spot,256,256,5260,True,False,False,False,65.08265684149228,165.455078125,65.69517009173939,True,False,False,False,True,,1af7c1dd8f7f5e84a102aa5a2d28fc7cc03b2a72fa55847837db4556120fd31f,bcbfc1c04a8f253c
data/dataset/red_spot/image_0_3010.jpg,5,red_spot,256,256,4296,True,False,False,False,49.57427967246622,201.82467651367188,41.72801379421621,True,False,False,False,True,,b16852085c260b3ad53a6bf37d2c05ca1a740026cab13b41ac3a73b809db7a64,f88e873868c3973c
data/dataset/red_spot/image_0_3131 - Copy (2).jpg,5,red_spot,256,256,4611,True,False,False,False,70.45982350572012,151.9709014892578,46.845578577451306,True,False,False,False,True,,d4b1c937a585ea535f99f4fcacb7579894863c40e5c95cb9313be9a24f8d6f4f,a9c3963c68c3973c
data/dataset/red_spot/image_0_3131 - Copy.jpg,5,red_spot,256,256,4611,True,False,True,True,70.45982350572012,151.9709014892578,46.845578577451306,True,False,False,False,True,,d4b1c937a585ea535f99f4fcacb7579894863c40e5c95cb9313be9a24f8d6f4f,a9c3963c68c3973c
data/dataset/red_spot/image_0_3131.jpg,5,red_spot,256,256,4611,True,False,True,True,70.45982350572012,151.9709014892578,46.845578577451306,True,False,False,False,True,,d4b1c937a585ea535f99f4fcacb7579894863c40e5c95cb9313be9a24f8d6f4f,a9c3963c68c3973c
data/dataset/red_spot/image_0_3190 - Copy (2).jpg,5,red_spot,256,256,4639,True,False,False,False,72.93342589191161,215.284423828125,45.936555039813754,True,False,False,False,True,,03a41b3e6d326b8d3874f0273f25a86277e0fdf1e87d1dc58ac941cbc2027d5b,a93c96c76b693494
data/dataset/red_spot/image_0_3190 - Copy.jpg,5,red_spot,256,256,4639,True,False,True,True,72.93342589191161,215.284423828125,45.936555039813754,True,False,False,False,True,,03a41b3e6d326b8d3874f0273f25a86277e0fdf1e87d1dc58ac941cbc2027d5b,a93c96c76b693494
data/dataset/red_spot/image_0_3190.jpg,5,red_spot,256,256,4639,True,False,True,True,72.93342589191161,215.284423828125,45.936555039813754,True,False,False,False,True,,03a41b3e6d326b8d3874f0273f25a86277e0fdf1e87d1dc58ac941cbc2027d5b,a93c96c76b693494
data/dataset/red_spot/image_0_687.jpg,5,red_spot,256,256,4394,True,False,False,False,48.100356831913814,192.29241943359375,52.91810039135148,True,False,False,False,True,,5c60ac1a45941a286083b954d35c1b78fa72bb3496c5edd1d73a3eec5fef8c2b,ea83953d62c63ca9
data/dataset/red_spot/image_0_877.jpg,5,red_spot,256,256,5181,True,False,False,False,69.24337752815336,181.38719177246094,50.7112961697481,True,False,False,False,True,,89e3d7558e1b33d276e7457f2e5703f6568e4d23095baaa055467e5637196550,ff2bc0c0960f4af8
